,threed_render_mesh_k,seq_loop_status1.csv
,threed_render_mesh_j,seq_loop_status2.csv
,threed_render_mesh_i,seq_loop_status3.csv
,threed_render_mesh_after_projection_i,seq_loop_status4.csv
,threed_render_screen_0_k,seq_loop_status5.csv
,threed_render_screen_0_j,seq_loop_status6.csv
,threed_render_screen_1_k,seq_loop_status7.csv
,threed_render_screen_1_j,seq_loop_status8.csv
,threed_render_screen_1_i,seq_loop_status9.csv
,threed_render_screen_transmission_k,seq_loop_status10.csv
,threed_render_screen_transmission_j,seq_loop_status11.csv
grp_rotation_matrix_initial_fu_840.grp_sin_or_cos_float_s_fu_88.grp_sin_or_cos_float_Pipeline_2_fu_276,Loop 1,upc_loop_status1.csv
